UserID,AgrImpressions
0,4990
AMsySZY-NI2GTkKNVXqDGn7vrB-t,6
AMsySZY-cXfhHbOdB46iLrsAwptX,2
AMsySZY080i1Q7fgVvu9TZVa8TAa,3
AMsySZY0JsdE50VQVgQzDTXLQJPC,10
AMsySZY0S8eCgCI-NgbDhDEUD9gk,1
AMsySZY0_1La5Vo4iHpTnGVYdcxL,16
AMsySZY0mTPH2SqnuUY5A7tbXN88,2
AMsySZY0yvC9YP2JUYUoQEajgIIS,4
AMsySZY1Khq92bN7aZoAYZPrhmWF,9
AMsySZY1M0Gbf_lvJwXezKEBhO6p,10
AMsySZY1aq6TnCxe8wXJcG3d1LfI,15
AMsySZY1bTiUzXY6wHN8RRpaooOx,1
AMsySZY1hYEHreXZhhtkYrowXZux,3
AMsySZY2OmFu01QZl0-JF3TzALrw,11
AMsySZY2WgqD8gSyFPWj4G-d1WAj,5
AMsySZY3uyVvoVZayzke6VYy3xIp,8
AMsySZY44EbpJNyXWrpXsMkEFJO8,17
AMsySZY47TAOu-vhM6BQsnltLcfD,7
AMsySZY4Gd58GccNvKo6a3YfmF2y,8
AMsySZY4LKsTzvwkGISrYdA0PQce,20
AMsySZY4R6sOwNJ9HM2VuEr8QKIo,3
AMsySZY4X9UQDb6DowTLKMAxWBAH,3
AMsySZY4_WO2hDcwhJgXEGQE6GFY,10
AMsySZY5xAtf9mJSMQJBBdvptan6,4
AMsySZY5z5FdCFX4cZyJfwpC14nH,17
AMsySZY6OdyH7I-TiACt9HW4U4Sh,14
AMsySZY6PJZJjSBTGhONgfyaSSWU,18
AMsySZY6PxHHS-ZPsTnrPC0UnxGJ,8
AMsySZY6Q6zH0cJxaV7eZ9bEvW_s,7
AMsySZY6Qxe_lgi1JD2ra6Uf2atr,11
AMsySZY6k_cs1h9e-LvSYBfsPEX5,5
AMsySZY6tqf2nLPJVcmaEw_YDzgG,8
AMsySZY75wnZdLqfKt3h9Eqja2u9,10
AMsySZY7AY7Vr-pMHsZP3A-pIBMK,7
AMsySZY7CTRHSXtw9wWUcUkYsJFM,1
AMsySZY7qsMDxAxRCGRaCTsS6hDt,11
AMsySZY88I280BLkjuTtAbEaQMSb,4
AMsySZY8KYzgGkQZD9Z9PvlPwY9w,19
AMsySZY8Uef73BbxSLdKoeGTjjJX,2
AMsySZY8VZBCmcEz0U7eAmk69LPH,1
AMsySZY8sU8n3kNJcyMndlmDOF67,18
AMsySZY96Y7Oiwfy9R0PpRrsf_PJ,3
AMsySZY9BSRc0dGiwTzJN6yHha-E,9
AMsySZY9ahDakBTZPxJON0rZl73Y,4
AMsySZY9f0aJLQk_ohL0e8-4EClk,3
AMsySZY9iO7A20hkqecnbE0yt3dJ,3
AMsySZY9uPLYbYokTTXzGjkY7bMK,3
AMsySZY9yNNoLcByYAHmqhho0zf9,2
AMsySZYAEeHbEIL1uSCD6Un0JTNv,3
AMsySZYAN9misKRLYuyfo7RtGI5A,9
AMsySZYANogryw1CCJjUmG0r9jLN,1
AMsySZYAOD9xFuTN5PRjum29lbC5,1
AMsySZYB864FGDLrLpvAYL2CpmRJ,1
AMsySZYBGVrHhgk74F2ivP-To0ME,14
AMsySZYBWyFHk9yBxiEZRXY6Cx0b,7
AMsySZYBkCaNMOFUolVJ7Yi4AoD2,8
AMsySZYBlAJvFrlR5L2tSoFYMvVC,7
AMsySZYCBl1PcUpzfPqpy0e8OLW5,15
AMsySZYCVyJt_tv1Ze9CBtO9-R0L,7
AMsySZYCc1nYZX7VPx4wYv9Y0yWe,1
AMsySZYCn6TA3_de7V6_0LVcYmCu,22
AMsySZYDNfB5kI__Ad3o3VEMouE_,1
AMsySZYDZLBjh8FN9NJCIxw4uv05,1
AMsySZYEKfZ3td3R4nt1-9HZBwSS,4
AMsySZYETUmYKmm0sAdkwrrIjyGU,6
AMsySZYEbJmpusd6vy3r-9E6cKI8,2
AMsySZYF4p3eFCYgVVpg3L2LQf4U,10
AMsySZYF79drqjTs0HVHGOkmTUa-,3
AMsySZYFHBhC_fWWv4--4MOCeVy8,5
AMsySZYFNPqs0s1a677K4zUGU9T6,1
AMsySZYFWosKY5AsVP-SUo0cTW9G,5
AMsySZYFWyU2Zfs2s7QnwzO1AhiI,2
AMsySZYFdTYjmw5iBWPPuXow0_t8,8
AMsySZYFp9pqvMJ9c7A_mjeOoOeN,9
AMsySZYFshaxPYDkTDDfSS1tAZvE,6
AMsySZYGALFi3L7rsOt7ySF33snh,7
AMsySZYGTdr5nG-PnRZPF5WlwfYb,1
AMsySZYGmDzNmL41wNNHLCO1TEkE,6
AMsySZYGwHWVuathGIQEGEayR8uu,1
AMsySZYGxteeKZJKB9JHj_yHULEA,5
AMsySZYH-hZeQetXJwqUJhOhIqtT,4
AMsySZYHFEaCSPSEOGfB-dbTHz2t,13
AMsySZYHRdbIFkKrDmBTxKE77qpH,1
AMsySZYHifVwHthUwEwgsOYKFrY7,18
AMsySZYHzysCWATh8ah1T45AllRl,17
AMsySZYI4QUV4Pk_57-3Qku-8tRv,25
AMsySZYIIIaELe34utHWmmc6aQmU,17
AMsySZYIYrsblwQXyiUlrG0QSOg1,6
AMsySZYJ6Zh88BwA8kjSRuJDQjdP,8
AMsySZYJGrpbCx78zr5ndbTC0I2e,16
AMsySZYJLnmv-jjnaMHYKN3tg1E2,6
AMsySZYJ_RYYRghETrjhPX8Ni3HJ,11
AMsySZYJkmtAKi6pfKj1pW65h5XS,6
AMsySZYKVYJMs0jftW6qC1RwJYGC,4
AMsySZYKbXd0rDWWBQdCD0pN6eJS,11
AMsySZYKtoHqyGCSjZVcRDKYzoug,20
AMsySZYKu7cq5vKjZ_WaW2SGQPKa,4
AMsySZYLR21aNMPoduwS0hnaEaAg,7
AMsySZYLZShzcpITciMBepbnqMN8,10
AMsySZYLb-6HNRe--vyqybPztvh6,5
AMsySZYLgJGbT2QxIPxMLx0ax4Ap,4
AMsySZYM4PhmIGr-UaTNEJGGhSMr,8
AMsySZYMT3FMXuU4trzceuRVGUkN,17
AMsySZYM_fZZ32gOTYJzWCmik-uE,3
AMsySZYMfN-Ec_r-r58ZTxWM2z79,15
AMsySZYND4uD-U_mlcTb9QiD_TuL,6
AMsySZYNa7s4UEsV1xaFZjZ9LZw1,18
AMsySZYNe73HCBxwqQVGYUWuc-Ie,3
AMsySZYOSlXEM5xNf6zq3D1Ds8uQ,1
AMsySZYOgecocAv0FIdSQuXSyd_s,2
AMsySZYOt9KksWzmgTP4jBYmsuqF,1
AMsySZYPENaMIAI3p7WV5EnUqYaH,14
AMsySZYPYvqoHJGCiSVKDVtzqWHP,14
AMsySZYPiZ94P_SIhj2SK5QekKAQ,1
AMsySZYPiuu_WywBjgemUal6hgJM,21
AMsySZYPlG72N8UvQBFE-6MdVHUB,17
AMsySZYPwP99NzdKLqHdE1FRdfR2,8
AMsySZYQLmFEGTeWkKNpubwbZZxf,1
AMsySZYR987AgP8OPi1AbjOOcrxt,5
AMsySZYR9VFjeUvAuEn2-ZeSXldY,7
AMsySZYRf0q9DdAweWGTIRnDizU5,7
AMsySZYSJD77xncdtDm_Aq29C51u,4
AMsySZYSXmwZD5E7mGWXraptx1Vf,6
AMsySZYSdLbYmlpCigrmV_CudO-Z,12
AMsySZYSkhLwt2nrMLhZuLwgZYRX,3
AMsySZYSqXs0cwGeMkEqJf22Joel,7
AMsySZYTEldegQYdRbB-WapSin3N,1
AMsySZYTKx3L2_pi73odMXWyDRU3,10
AMsySZYTP3Lr9Vm-9L_X3avtu39I,12
AMsySZYTcCrTd0yTvlClwPw3eBGT,1
AMsySZYTdxqpjB4aGQP3Qv6hLuJN,4
AMsySZYTq0bB6PhwwgT9_h13YVVs,17
AMsySZYTqnDl4N70BnVj283vYqLK,2
AMsySZYU84_GrsWcHN2AHgcpx9Y0,9
AMsySZYUCQvRP6Ngfn5F9wTSw2AG,11
AMsySZYUPeK1XEeZjmTng76w7mDK,16
AMsySZYUq_p3UQg3hw4U3M-7DHpF,9
AMsySZYV1jWFf55w_Gi0V_Pdc43_,2
AMsySZYV3kTTmnSRGhsXz4rlIT3m,9
AMsySZYV7bsv6PKHMxawNgLNViTq,3
AMsySZYVEdncs3r_LI7ClZJ2xuJR,6
AMsySZYVKvOKPGpIuNfgMroH83xe,1
AMsySZYVvvm7CTs5p21pAqaJyI9z,1
AMsySZYVz4ceDwD6FfvpM9IwJdSR,4
AMsySZYWF_DbgEHHes-hl0XtKzjS,12
AMsySZYWLxwl8kJc5f_kCN_pgryl,1
AMsySZYWf06fCGeMmpYEYXWXBBUl,2
AMsySZYWuexr9NcnCZp19mH7pE1Q,5
AMsySZYX129Qvsc1XrBeUufrLH9D,2
AMsySZYXJBLLTQ8bASZzf_sk9m-I,17
AMsySZYX_MdLRJgOG3vk21xQPOtT,6
AMsySZYXv3o757QAWH9yHvo3sS07,7
AMsySZYYDgcliTSQWcglXunQeYeP,1
AMsySZYZ-81JoEnDCtDgi6Fv7Kx0,6
AMsySZYZ25qAzWp6oeas2ypD555l,15
AMsySZYZ7Rx3eC6quwIhvWl2vPzQ,4
AMsySZYZNlD0Gx3jXr3yEBzVcF1R,3
AMsySZYZkUERLca1VlPGJZtEeZTG,10
AMsySZY_3bYw4J8B-uA6TNHgJqBk,10
AMsySZY_IcrEoQXMxcQMhv4WJOHZ,1
AMsySZY_ftgMj5MZ3RQeFuE173hq,8
AMsySZY_mmtYAmXhSBI21Id2gWZA,1
AMsySZYa6iPTWUcsjMJEOBeRQ6R9,2
AMsySZYa8dxMwVu0tyc1ECrnW7xN,4
AMsySZYaNNzlovllE0Nuymy5Zlbq,5
AMsySZYaRjFlx-ZSv8BUDGbcspZb,1
AMsySZYaUE3qZhqwD-agAvmLRKSe,13
AMsySZYav9zfI_Pul9jKRp8llm1e,7
AMsySZYbbAawXl4rPySWQzfsaVud,1
AMsySZYc1RAD91Bo13S5Ixz7jG-x,9
AMsySZYcNHWaJSluOMWFXyopRHam,9
AMsySZYc_LnPZOyS-SCuPO3bmqtt,8
AMsySZYcbQX6JhoxqyQFL1LdENmS,2
AMsySZYcgKiNpn-BvHtdPH_XgRVQ,1
AMsySZYclTzRmggGWg_deCpXKtWI,8
AMsySZYdIalQn4XAxdEkyM--Wyto,6
AMsySZYdJ2kQrMx10H2XAakp3FNh,14
AMsySZYdgEhs0Iv6yyYGZFkJXBMQ,9
AMsySZYdhWnHc_BUPbqj-LPQh8SF,5
AMsySZYdmPnkJdiqoz3mN-TEEffZ,14
AMsySZYePToBq8Wzwxb0HGJA2Ojh,1
AMsySZYeg_ms0PtJQjU_Wbli-HMm,10
AMsySZYehwNpo6qlzujTgJo9-_-9,12
AMsySZYfSRepTUqjbb4BUc3z42Yt,1
AMsySZYff-nbucPPRWOwL9VH710B,18
AMsySZYg3G0ZKUPb0XQVKzHeLqCa,1
AMsySZYgJ_XJWVXe3HFGaCNFmiJb,4
AMsySZYgUluwWDwlojHrxHdOgSie,8
AMsySZYggLliK2hOsKbL_YIGi1X5,1
AMsySZYh1DMmUjnSUXWm9qdUHkW0,6
AMsySZYh3ssbXKORphSoT2wDUQlF,3
AMsySZYhVjyZhx-C5ai5Jh-muCPB,16
AMsySZYhZK7hcieSte9ZW0usaPmx,3
AMsySZYh_m_1v0KweF4zbhFRogT5,8
AMsySZYhwc1nJx30KylYkUiuiLaF,1
AMsySZYi-UNh8hdIlpv-QCrsdQ5a,2
AMsySZYi7vBHK4zjU2K0VAvpjmrH,12
AMsySZYiAUvmicKUUcBC4jq2FTRV,17
AMsySZYiUE5J-tPTxYNW_J1Vz0lQ,21
AMsySZYj-YXjlxw9pWtRjeoF6Kzp,16
AMsySZYjNCzI9G89-6RcJvahl1dl,2
AMsySZYk3XwgV3jCV3gtIXBrm4mw,1
AMsySZYkTbOh9wqM97ILg7N6lOsn,2
AMsySZYk_hcZXSIzd3DUNgk4HpXk,7
AMsySZYkgyliUtsOY1j_FBlz7sat,14
AMsySZYl9-IYHtYw8Mgg8rjsT550,19
AMsySZYlQLpsemiraM9Ld2DMXHDW,3
AMsySZYl_Ljut3VGFPqvKCN2zm7r,6
AMsySZYloEyHyQuGHuyDn47ZgpkH,6
AMsySZYmAbWlSR3wHpRym2eMMzK1,2
AMsySZYmNZDSVpxbY9ZiLpatLVPZ,2
AMsySZYmSU5U8KbYc2rC2z4LsN2w,3
AMsySZYmXutVn9SZ4e7sPoEqUPgc,7
AMsySZYmqAZC93uaq26ZbhyVZw-M,1
AMsySZYntOFCprWouFeDmvxUMTTK,12
AMsySZYoFeFN0BcMZkByzHcxJCIv,8
AMsySZYoLOIqd6e2AbsCV5fv0-8x,3
AMsySZYoNZZat4rXZhL6rlLLnPIS,18
AMsySZYocM-5WwYIfgPjNVR-H9Q2,37
AMsySZYpFGLRXY7tkZLi9TxjZBAQ,7
AMsySZYpbMslYMbPxWDvbR4WCepr,4
AMsySZYppj6_xxqP3jfdeTgl8GBG,2
AMsySZYqEQ4jK_xMnWulcLzRqiNl,7
AMsySZYqOfZZE4_b-wcUAXZR359F,1
AMsySZYqSAOC8ROe792hxKIQQCoV,17
AMsySZYqSxTOpT7kGvzxoyPS6r_J,5
AMsySZYqsReu7_1NgfaWCWu6JXCp,2
AMsySZYr5bzmEeoycqEBciuzI7hv,6
AMsySZYrdC7M5xQw-RGy3p-mwpBE,4
AMsySZYryYyaASlWlFDxQmng4sRn,4
AMsySZYs1sNpHyRn9GDDb6coQUvt,15
AMsySZYsFF8JmxiYUHLx5nxxUb5K,12
AMsySZYsRJgHnq7YUKFkQuR9lhwq,5
AMsySZYsgIL6DKuY_lNyqMBlzc2Z,4
AMsySZYslzPPfZBP9Qyr9wMOSWcr,17
AMsySZYso0DxSEyPiYLEFOKGF2tL,3
AMsySZYtFWLkmKJCy4DUCrgE_sj8,16
AMsySZYtUGR-Tp7GA_kCry7mPdZY,16
AMsySZYtdQ_vQ3jwEbjM7-pwDs7u,3
AMsySZYueRkaioMFPwF2I277EW_s,6
AMsySZYumbDBzUD6wb67zwuyqAL8,4
AMsySZYupxbKlWdIiaS01X87Ss-S,9
AMsySZYuuXOp-LegSdi6hkZjKW_p,4
AMsySZYv68rdIHj8ok0pcaHNbObC,21
AMsySZYvArDkS5jR16caADO-MsZw,3
AMsySZYvDHTHdyqDguFOZZXdHzvu,14
AMsySZYvLZWti1dEVOST7sLAyRg2,8
AMsySZYvSSlSQLBNqx0Y-8gu5NdU,20
AMsySZYvUo7sH1yAoobhu0N_2hD0,7
AMsySZYvlYvsRVOfAWQgiy2_fSui,4
AMsySZYw6nzrMk7qh_89P1ZFhUvw,7
AMsySZYwQf_DVkKqYFZEVYvLDbcZ,7
AMsySZYwWwRbft6XW6b2-rivBpGM,8
AMsySZYwjVxL_Gb9UCf371C7vGba,17
AMsySZYwqAuuBz7Bzwtu3XM5PBBV,2
AMsySZYwxhojmtOEknyqsS-U806G,3
AMsySZYxClBtfblLro93PwvkD_nH,9
AMsySZYxMsoZ_8pqCp5426NweDnp,6
AMsySZYxR54Qi-XYbmQZUzuEklga,1
AMsySZYxdmP6AYgYcJIX8Eo7yOU0,6
AMsySZYxg95-2eEcW_OlWiQ884MJ,1
AMsySZYyG3z43jNLS-cLh7-5CU43,2
AMsySZYyRv6rOvOmXkMDVgh1QV7D,7
AMsySZYyXICfbtFmkpVfBATRESq9,6
AMsySZYyijYuRXzD5_Z6hPYwWShV,1
AMsySZYyoemP7FJb3sVC4y1OmUbO,5
AMsySZYyxmu04_iX7hG0UNNh2MOH,7
AMsySZYzPykTHmj6vOurhL1v52Rl,6
AMsySZYzb68fUzGbI3HoDjGUcOsR,1
AMsySZYzdeaCeeHfUzyeyecKoirs,1
AMsySZZ-0d43fXb7y-41L5gtan9h,17
AMsySZZ-E-jImifos-KtcEp_WLP9,10
AMsySZZ-JHtkaPZNIaSdCtvWAbh-,5
AMsySZZ-VzEy6j8OrzIBI1WNgqWR,6
AMsySZZ-dGJiyn7kDHxeHh-EMLO-,22
AMsySZZ-vWp3Lu2lSvlbBqv_O97i,9
AMsySZZ01kLVJR9CKnkAdjTsTQet,8
AMsySZZ0YIopkgGyC1zhDVBrG4NN,6
AMsySZZ0cgSEYpBXE_7Y9oxjRqOb,5
AMsySZZ0is8JhNw_Z8IfbS7h4WLf,13
AMsySZZ14O_v4TiDLcxn5y26VRRl,4
AMsySZZ1_-yn23hIagSsjxONMY4Y,1
AMsySZZ1eGRcjmpvgobeSXXmn_e7,10
AMsySZZ20C2Pjk0jPpjdeXtZ5Vg3,16
AMsySZZ28EFh7wN4NEXUmmNEiIKY,5
AMsySZZ28dG8uHE4JDhodgMyX4qo,10
AMsySZZ2SHHvNH7X_0HImBXU9nyk,15
AMsySZZ2yR2aQo9nbMIOuHyHKrDq,5
AMsySZZ351qRb3XEfJ-zhU248rRz,4
AMsySZZ3MwWP2Fukc9IfUINx18DU,5
AMsySZZ3Qf_fefxuBp-9pyZ8liPv,2
AMsySZZ3V-olUW7mqbPxpWmnSxkL,7
AMsySZZ3yh96BuZSjaYNlzYXRf6G,6
AMsySZZ42YwYTKW-k1wrn89lKZdk,1
AMsySZZ5-hk8qo3bZ1HwXZBby4ns,2
AMsySZZ58oPMCvFQEzjdjk25MA0j,5
AMsySZZ5B39_UbvkNI6_9U_agZBP,3
AMsySZZ5bkTVwmZuWl-AIGRAwye0,13
AMsySZZ5gJDjoThE_mhsH81BCxod,16
AMsySZZ5sqMfH52jq8Jxy9vap7cR,19
AMsySZZ5yJgDhhkR6uexnkVvuJpE,8
AMsySZZ62R3MemVb_TzP0_2h7IKb,3
AMsySZZ69wvB3DFKY41YZCVLbuMR,10
AMsySZZ6Xvy8U2_IfwMr65xDOLQf,5
AMsySZZ6aDgSwh3IBiOR9HlCdH1m,19
AMsySZZ6dbN27x83IkeMi3hXgGMw,11
AMsySZZ6zratwuA1TXETCLvmeALl,10
AMsySZZ7TPVFha8Pam_gZeHtmPKM,13
AMsySZZ7XkxGnjGRoddV8w8zYKoe,7
AMsySZZ7i3NJzqFsXlOmloPDlS6e,3
AMsySZZ82XUtZz_D-cliUus7cx7c,21
AMsySZZ8Lg0nh7aIg9T7kM1QG3ON,3
AMsySZZ8gQg6SAxrOh-RtU_F2Na5,4
AMsySZZ92jwy9DOSz8gkkbQIom1-,6
AMsySZZ9e4X0v-F3C5UZyo-aSQSi,9
AMsySZZ9nrCsgU16G61OgMBFfk8R,5
AMsySZZ9t1EdC97lbkG7SU9urjRo,12
AMsySZZACRFMPKpUTE9J-c4Ingf1,2
AMsySZZAIcblEoodVFddQoZz1vHV,15
AMsySZZBIhcQjoWmiHb_Xgu4fGGi,11
AMsySZZBqgnklTZ7uE4xOd5oGpBD,4
AMsySZZBzIPk_Xf26idEkCqv6-2F,14
AMsySZZBzMRPl-l4DTGQqBGBq_yM,10
AMsySZZCDjquEiFBH4edY0IR7X7o,4
AMsySZZCIV2xhlAXrDTmQ3Ah6ayi,1
AMsySZZCasNXafj6Akbq1xLqUnVV,19
AMsySZZCn0XqSXx8S73HbUd71P22,5
AMsySZZCySfagPQrOQwgtWpUhIBz,9
AMsySZZD7zUSdsqDwZEkwAuyHIZb,9
AMsySZZDcG2vodlpeVMKkplE606_,4
AMsySZZDi4AfaLNDTBMYaKNVvLnB,6
AMsySZZE89pmvYxokgWAGv7rnkvO,2
AMsySZZF6W8Ze2DvAU6GUATxhZ0Y,7
AMsySZZFC4TYDj2qxoWrKezq6Nnl,17
AMsySZZF_hvT8B0vx0nsPnFcC6Sh,7
AMsySZZFePcMRRaYPL4ZmOk2WTO3,1
AMsySZZFtAO7w_ViOBHXkn06JIS4,3
AMsySZZG3JavAukMIABgBgc19b2n,12
AMsySZZGHz7ogXi23Vh7mZVYsmm4,2
AMsySZZGNDjxRalcILHsJeU9Fx8Z,5
AMsySZZGPMmX-VP9imCVMN7ldOsF,10
AMsySZZGXNlWO-dW5AU_u-eUSuDo,8
AMsySZZH7DLf9jMxCu14CD_BFNfS,16
AMsySZZH7fKU-D1-1rKzsdrt1H4y,5
AMsySZZHIwXuevqDn7vNMxPsKvkF,6
AMsySZZHUDnCXmnw98XuKOc0Fdcr,13
AMsySZZH_2SsbrWY4gf3NIivkRHn,3
AMsySZZHhGfZvUtncTVner8-QKce,4
AMsySZZHihiycacRlYiru1xubirK,5
AMsySZZHovcKUYUib0S7YdrGPyM_,8
AMsySZZHphsCZ-ccMWAgP9m7oUnV,7
AMsySZZI0SvWz3fmM7CLpRduqC4y,5
AMsySZZI6gdz6YCMCmPJwvAGsUeF,17
AMsySZZI76wX510bl-urSHMLj0Wd,1
AMsySZZIQbUp9QMEe9pCWj9LiiYk,4
AMsySZZIQtelkd7tEy8mCC4K4z3b,15
AMsySZZISwJDOHyeHi-T-Q-yC2c4,14
AMsySZZIX-W2CNaQVv7gKJHSDR_e,14
AMsySZZIc2eOlhb7qf2g6gobuX8y,11
AMsySZZIrOjh44yPtcHHLiJnN7VU,3
AMsySZZJKK3rkSXKOkbrJ6CFP40l,5
AMsySZZJOHfMYD0EFyg0DshC_Lgc,15
AMsySZZJXdsisrHAZ96QzYttR3xg,2
AMsySZZK3pynuiun5gTXBjGv9_fN,11
AMsySZZKJkeidrJbjzPcdjY0yyey,1
AMsySZZKLFMSS_FiCXCXGTqaQwY1,13
AMsySZZKRr7yEsU7ccccFQPwoWGR,5
AMsySZZKSmej7hETsqJw6nVIRfwk,2
AMsySZZKYyRescSjRPG8rIcxijJ3,12
AMsySZZKZUOE42OGrSjfWjISwoMQ,17
AMsySZZKcLQYXraRqBHylZIe9EXW,6
AMsySZZKq0aLci30vDfZ7rPf-n7s,1
AMsySZZKrpqVGuQSOEUL3rY119ys,1
AMsySZZKsxCcibuExJmH5e4ocPEK,14
AMsySZZL8nlQDqmDqGxO2oa7v6di,7
AMsySZZLGHcFQkNEEjqg5PjVIFPA,5
AMsySZZLOlbdmcQQmtdZhCh9m5Ip,6
AMsySZZLPIHjI3AeFrzzhP98WEJr,4
AMsySZZLWwAl5EFu7hyuaG-5lKw7,5
AMsySZZL_b5Mkj9z1MSUDB3EbR3x,17
AMsySZZM7JLagfFk8BXbqZtOot94,22
AMsySZZMP90iTmQVaGdF1LnSbpG4,19
AMsySZZMQUdPJ5UhSQ5KhebOjkBs,1
AMsySZZMa8jT5OAtsk2AJfG8u1LQ,1
AMsySZZMov2KgNQh2804PdO_ulMX,13
AMsySZZN4igno0WWAYA29fw7s-cO,1
AMsySZZNdTVZ79TTRr7pQz2CKiI6,6
AMsySZZNm2DKt6rQ463YYWhYoGBC,14
AMsySZZNvkeEUR6QcLrnpk8OpRxj,4
AMsySZZNvkfOYL8wxe5RTfNtg2Xx,21
AMsySZZO0x5MmvzkZz2O1JXUMhFF,5
AMsySZZO8qSW2hHzybdi7pILenYc,2
AMsySZZO9jVi5vFzaX0fdPWnOATt,11
AMsySZZOKMSWH1g2JEnb_fqym6js,2
AMsySZZOij0M3alDoHMPym91qZ-z,16
AMsySZZOnRXm7Bf7kqxME0tSuQ4A,5
AMsySZZOvHx912HxbnmaifR13TlU,14
AMsySZZOvJ5Pymaf_TZKL0XOpqq7,1
AMsySZZP1b8sZ1r14hTviGADcInS,3
AMsySZZPGJ0jufovRfmJ4oRROLEz,9
AMsySZZPHEMTYTkqw-kQPnsB0Z5c,4
AMsySZZPKX2Ka0nbBvN6isVIaPUI,12
AMsySZZPLvptbgyuP86QfLFdGLrd,6
AMsySZZPtX_IGgYsyYiF6QIvcUCB,9
AMsySZZQI3UQ0uomO1oQepc_r68v,5
AMsySZZQJq73m2UWpeU_PJymFqyT,3
AMsySZZQMBduwDBMs-snhpQgq8ro,20
AMsySZZQY22bC7nkhyucKNTwDorV,4
AMsySZZQmc_Uk5vZdIH0TXGoYZhv,4
AMsySZZQp49jt8d4HodS7nxKKB_q,4
AMsySZZQqL8mTOvV7OoyEz61yNpM,11
AMsySZZQyjrLSc9YPtZtkS9lbiGj,10
AMsySZZR6uAOXclW7X0yqzsFw3ag,10
AMsySZZRBmGBM_kO92WLrECtL1RW,1
AMsySZZRCL0lY8Ou2k0G6gJcynk0,2
AMsySZZROJ1-jcz4VM04U6TBAI5u,15
AMsySZZRPTxbLns_QtmBDti25sjy,5
AMsySZZRV15AIUmi_IfT2oMqHAnE,4
AMsySZZRW6onCTnnVTO8UD4-32Ga,7
AMsySZZRhCEDDnkgF_voHjCZGwzI,6
AMsySZZRlssk1DaB8Eo4JpO4qFsa,12
AMsySZZS25Le_zlp-ckm7SJXuI_E,3
AMsySZZSEjVtXmnjeQmuQEJ31Ijo,9
AMsySZZSa83puMDZoKYuffviDyOo,7
AMsySZZShYFvuw2P_NQWGvcMlufJ,9
AMsySZZSmdv69QW2-3NBBOs44nW7,1
AMsySZZT64A3MDVSaWE5JiUN-jk-,18
AMsySZZTB_WQRe7bwnqilr2jHkp2,2
AMsySZZTLjXK7SA37aMkqGNIFFqK,13
AMsySZZTV3cVHy-dqiNF3vmRfNXD,2
AMsySZZTbXwFIA2CmtOcITdpof1r,6
AMsySZZTwAbsNeoeJCZF86uZhaQM,4
AMsySZZU347iArhZJxienhngypI5,2
AMsySZZUCsu-Qc_JkASIEVchoh_T,14
AMsySZZUHuGOFE31rUfaxlTsmpsP,24
AMsySZZUMkW0uTXVCxsBtpyDDey0,14
AMsySZZUPRWchwGlimOug7St3QIm,7
AMsySZZUY5gqkGM2_LmW0bYsrZDb,16
AMsySZZUbV4-OP8ySXlfxZ4O2zP8,12
AMsySZZUe4gPAIn-5cmWPVvl8fhJ,5
AMsySZZUwzYHpzPZHzgAE9wI23sr,9
AMsySZZVCQ9Ya6RyNjCx0Yt-GjRb,3
AMsySZZVd5W3wKdKVlQ6Kgb_gqQX,10
AMsySZZVhg3qZ3mzt5eSgjJFOpW6,1
AMsySZZVl4VMz2yOtLoP-SJtACLq,12
AMsySZZVly9MlfVXKUmOstFbeRga,7
AMsySZZW-gCSCK8yxIkbPitMCMIi,7
AMsySZZW6i7PGySENIkok9YLTzUN,2
AMsySZZWlyKYupEQrCnW39l3FBUc,17
AMsySZZWzCZD4DPiqe7DLoR2n88X,12
AMsySZZX6-4JOnV4B9EqThdQlT5u,1
AMsySZZXCIaNahF-_k1KjqI7IC7W,4
AMsySZZXSLyiCGQSuVjwYH2gYD3g,16
AMsySZZXxL38sP0DRwDhh-DW19ty,15
AMsySZZYCHKD7DGfnFTDuQvSKejN,4
AMsySZZYLk99wYRqQbT86j14wch0,3
AMsySZZYQh6NnYnNSvQWorcjmYsI,10
AMsySZZYWTOopqt2z8TkiqSyvJdE,6
AMsySZZYhva6IGIJN3x4obcEdWc6,1
AMsySZZYiMlXISxkvqDRTpX_ZWhu,11
AMsySZZYjwbeenLuemzzHgTqewuH,17
AMsySZZYkHmjXcD_hm5EedHwDhMs,2
AMsySZZZ4XccaWI4vKQgtEysnrwL,2
AMsySZZZAN4oWwwQPu0h8nX8-anH,1
AMsySZZZTmFtPftGuoA9ciq-G7x5,4
AMsySZZZsky6Fo9yZXPIVr4l3VOR,1
AMsySZZZsttt9NbwSyneLg3Q8jQz,9
AMsySZZ_UCzbLQtVzw5_xxyP3w_v,7
AMsySZZ_gGahK7dB9St5-GI8Og5Y,2
AMsySZZ_k5xQIFmRIVxEZhSPo46g,1
AMsySZZ_y_usGjY_j6QMat78H3ru,1
AMsySZZa-CIL0aO6z5VgZjEIopwV,6
AMsySZZaPmq--pWIxaQ36kEAkNq2,3
AMsySZZaVUYJET6elisdyLIIpBOC,4
AMsySZZahMUvSW3rNBcKN6GN47Ip,1
AMsySZZbdiHGrV2RJI4r2UV0DeLY,12
AMsySZZbsxDM5UKH_e-jUj6hmWYL,7
AMsySZZc9Q5niv7dm53G7O6FMsnA,10
AMsySZZcMGeyDUIeRkeDbyhIvZR-,3
AMsySZZcNmHO8UCQjYSjW5ByB7FE,8
AMsySZZcVEwDboUqk-UbrApFAaTK,1
AMsySZZcyB26x5eux52VlOaeULBG,3
AMsySZZdNSNHXWNXTs2jHk_D4z7b,14
AMsySZZdlHbWKbcVova6dU-Tn7zZ,10
AMsySZZdltJk2YHJ32ya-qgsQQnm,16
AMsySZZdrR3BMXa5vB-GEYjJBfdA,2
AMsySZZeJgJqHcEEVUCJbxuPoKIn,7
AMsySZZejUzNF9HR86Zil2ADmgx4,8
AMsySZZetlBL1CXv535Votz_wD0U,6
AMsySZZeyHB0PAnnkYYZF8D-IH_N,1
AMsySZZf5aOC7FBNlB6BckbVttwN,6
AMsySZZfLE3THA6SI1CtU_pMotw5,6
AMsySZZfPbCLF8YclIKz1-xANqwW,4
AMsySZZfZ7NA3z2AFqQAz7Vu1tut,4
AMsySZZfusb5a6qCr7Xctnl0Dkgw,11
AMsySZZfxtfE1-hf0L8EESj3yS-K,14
AMsySZZg9_Hk-d4cn5zfI4fBoi0a,1
AMsySZZgYn3I3m_FL9JYTaIg7Aky,4
AMsySZZgmvupPSutu_Qe7pk8ehwG,1
AMsySZZgnUjXBOk4F6p6y9PN_9c3,6
AMsySZZhOmXSSEbZA3pMm9unisdS,7
AMsySZZhdzlB4Fk6tjyHcGSiypij,5
AMsySZZi77j2dIT3B9fl7MV3WkkH,2
AMsySZZicvYL2QJwgWtwhcS0P_e1,4
AMsySZZiin2iipLzs8r3vZ2v2cO8,6
AMsySZZino0SfhuX8iTZ9JcriAyl,6
AMsySZZioS9v1vPf95_OUVA4tCoW,6
AMsySZZiqP8u5YIOb1YJ6b3ZdLI3,17
AMsySZZj08HC7Mwo4HIP9_lvMX1k,10
AMsySZZjBXKdVp8LhOw_cA1a0-VW,10
AMsySZZjCSFDpbf8-P7n0pjQ6pwX,10
AMsySZZjEfW570uWVeTiWBMb87Cq,1
AMsySZZjg3obAzywE5OOfYqw1eEE,1
AMsySZZjxD_ldqaioGcgUr4FRMKj,8
AMsySZZk0KJNlb3claupq-IfU673,4
AMsySZZkQ8rqhIPuHvvu4cNlWXf9,1
AMsySZZkpw54IOFPHEHVDiLXliHg,3
AMsySZZl6VHJJoWf8Ous2k-6Jr8E,2
AMsySZZlY-jNGb2rXCexaa4xqwzX,8
AMsySZZlZ1dJApAdyRVnCXm0qNk9,9
AMsySZZlcVtWHgH89cYYZw5jCQgt,8
AMsySZZlpb6ML54N9wqL1Wn6LJcC,15
AMsySZZm0AO64JEWieL5Sab0hBVB,9
AMsySZZmKHjLhodkK_EX7_2aQMJj,16
AMsySZZmST7WiFVhXMWCZrRMivNr,14
AMsySZZmUBfSUzRqGc3NYWdUlWL7,2
AMsySZZmtFc_lEGCBvFLCbfqqqNg,6
AMsySZZnD66BjVWHj0jYe-Y_5Gt0,2
AMsySZZnONSUBUORDGrXZJLVDwnu,7
AMsySZZnQqnfls6CRmJFB7hmf0hV,4
AMsySZZnTTpJG6pBB5b2BaalEsCh,20
AMsySZZnV6J3KYW_MsCx9JANR_XJ,6
AMsySZZnfIqoh8oOVJ6Th2rZoAJ4,1
AMsySZZnml1hx1oy1793_Th-55px,2
AMsySZZoEgrLayZvnLgDUYFDBtDr,2
AMsySZZoEx1RIvaG3526ziz93xjV,3
AMsySZZoH4EGq-MUA5vjwQ2iGlqO,9
AMsySZZoHMHbVoktySW5Er5N8_pR,1
AMsySZZoI_gZPWhQ_Ja7LPRRh0If,2
AMsySZZoUEacBUmON1eKPVnnYv8O,2
AMsySZZoxcKbWp4khrx30sXME3Oq,4
AMsySZZpCnB2f8JZwJn7jimhAOGx,17
AMsySZZpLpAJ-K6fY1nvbzp6GP4F,5
AMsySZZpVID0FdE8QWFbZGqrC-Vz,4
AMsySZZpXnuCM_Z84m9-WcoQJGeW,3
AMsySZZpkYapmyGZGwjNC075XKZ2,5
AMsySZZpw-6aeIVFjLIRJrBWEEfI,2
AMsySZZpytSGyd8vngzLMgM54139,13
AMsySZZq-6ooXzjJsQKOVdsxPgZG,6
AMsySZZq1Jz9_blVLh8xHjGAPsV4,4
AMsySZZq4T0TMjmaA-5a9tYT0TuN,9
AMsySZZqCq0FB693jFekTl4a9OO8,1
AMsySZZqeTug_UWxwMQHoZ23iC_i,18
AMsySZZqf3X_ngWPZ6lEPsAZr-5L,1
AMsySZZqsPOOos2PpKSpbbsH7H_b,4
AMsySZZrMMXFYkJ5SW3RtL7AfIfw,26
AMsySZZrSMNnFBJA5GQ4iaYwzZAZ,4
AMsySZZrT9tU2x-KpOA4ZhCdIu4l,2
AMsySZZrglJNnjlMki2Qkk0z7CRS,6
AMsySZZrq2ohFClEMjFUBSbn9bvV,11
AMsySZZs0DzGL8kcUB_hxykpHyS0,6
AMsySZZsIIXDzzt4VxXIRpsZTv51,12
AMsySZZsMmlRjjTA57_pYD2FbH2G,8
AMsySZZtCvXbNgQcIaESlu764Uya,2
AMsySZZtKUcUXL6KQSm_CB8oi6Fy,7
AMsySZZtQLptxu77GMM0vpFcDhkB,11
AMsySZZtwoM9TyPXYX_ySSekwCty,11
AMsySZZuMqz_mzO62QsCXfkfc42n,4
AMsySZZuW4S7NSYVAjyHHViX4RSN,2
AMsySZZuWz8S5OK9Vq4zSgdKNJP0,4
AMsySZZubDYapR-jrTpsP0AQ74y-,5
AMsySZZubyprJ4IfTvJUGPdYd3jG,13
AMsySZZuiJJ2gPueb3fVjN8-5UGO,4
AMsySZZujxhxoOYst7FUdywt_p3x,1
AMsySZZvCA7yvjYt_hZgq-9BGZBN,17
AMsySZZvvU4jSlo8wp7SIehsRdG8,3
AMsySZZwnI-MvUJW3MhV-fBEEqjt,8
AMsySZZx4dY-IP5hvvP3rs0sSRPx,2
AMsySZZxHe_g-9rRb_nAcDO5uSUo,13
AMsySZZxQKn-2RaoY0hJt1pxGE-h,9
AMsySZZxSRYxc6pvx02p8wSpbWLv,9
AMsySZZxbTLRyw4nPD6xq07oRo7C,5
AMsySZZxhMBuJz0GNClH55CTS7KB,1
AMsySZZxx_ZkPhyW7xvuRrgwxEJS,5
AMsySZZyN9GDhz3Dujg3-zQgkZKq,11
AMsySZZyYwRhJAD9X8gKlw1Kxwj4,7
AMsySZZyaa44l1HbR278E7lfqKWx,7
AMsySZZyiWclZaiYTbtirfgYYENO,6
AMsySZZyv9CL-fF8cS-Y5WPLovMl,6
AMsySZZywUIqMVm0CyAWk8OrCR8x,4
AMsySZZz7fiqpxkwRZHhUf3Yw8_M,3
AMsySZZzI86wn5p81g4xOirgpv7_,6
AMsySZZzK0mfepGpzSD3AJCJJW3x,6
AMsySZZzPrwwsc4iU4yS9R826cz7,7
AMsySZZzT8gJZ2w-wsbjL9aBF3Kf,8
AMsySZZzc-1Fcm45hFG_K2OyZuHl,13
AMsySZZzpgMCRNBdGrUQYaESwpI_,10
AMsySZZzr5JWDQag32yDMBpniwWu,1
AMsySZa-Gcf2dIdh_r_S2r2Cmm14,4
AMsySZa-Q_IxZ7HtbkTF8yn371XG,1
AMsySZa-fFjyDT382W-wMll9r8o5,15
AMsySZa-iYHbLr9hxYqUbcb1yILG,18
AMsySZa0dQPHly2cngkWrsXYHviG,1
AMsySZa1FeMtpUeDHQ5Yiz36R5_7,2
AMsySZa1piyCIS7LWf-clMqngryV,8
AMsySZa1wWmpPL2q8Gh0BMCCmsqh,3
AMsySZa2FykE5xDBMwKba3t28efS,4
AMsySZa2NpUy9qr9ef46Vb_yFxMh,13
AMsySZa2WBWQ1AuYybItRj-Qxx6k,15
AMsySZa2gwNlfMLqobPZNstqD2XQ,2
AMsySZa2x4SFa9fweD5Zr25Uj7YZ,8
AMsySZa3-X41E-_0OST24t6x7Zld,4
AMsySZa3JV4LpXVHPxbdDJrvysQl,2
AMsySZa3PUeGyHnSON1YTpRG_aCg,18
AMsySZa3evEiycunMcqkIOCJpF8j,9
AMsySZa44kPSVpyGp-yBLqArG1cU,2
AMsySZa48ObwsCtE03HHs0OyfMyV,4
AMsySZa4HImkMl1-YJ4n95LTG91F,1
AMsySZa4w3h3YqCjvCEzfZAWOLAh,14
AMsySZa59QzEn5R616ccWUDRMHxe,9
AMsySZa5ecraV513wIESpyEuAYS_,18
AMsySZa5rM69hmqeRsKpGZMKNEdr,8
AMsySZa65w7koF9WO5fCkk1gwucg,1
AMsySZa6BiZmMWzGC-ARfAKhZmSs,2
AMsySZa6FlsFD0IIaIwbEf1UN49R,11
AMsySZa6LG7hMpwq-ZHoIJd8f0B3,15
AMsySZa6VxIlmmZ0lea3Ms9pu9ps,5
AMsySZa6XhaD4QD9PzE-anr2-Nqe,6
AMsySZa6ZfeAOS4u0ZKwYCwawXcQ,12
AMsySZa71m1rQ804LU45BbVnwJYD,9
AMsySZa79QDUYeTDnqUSYsqJKKwv,16
AMsySZa7KpVuXpQldDw11wzKzc9g,15
AMsySZa7VsSAlffcWgGWRXPnkqhg,6
AMsySZa7lgptCQ8klwYbqm8y0rqB,16
AMsySZa7ovs_zNEtOwSeKOskEt-l,1
AMsySZa8A0Cc1JM5TbW2rAo_whK2,1
AMsySZa8iO8pqbUNhjA2rqTbrWWI,13
AMsySZa8sxobDmhw4dsI-ScxWjCB,8
AMsySZa92vFT3-opnv6QXE3nmIu0,6
AMsySZa93MfMNvKpCaxFKx4ekEep,6
AMsySZa9CIdtu7e2tm41dUWQLOFh,5
AMsySZa9Trvg79-t9eyx2k0oJ84w,2
AMsySZa9hD1f6O2t0z4LegOzUpW7,3
AMsySZa9ms-GRq86ZfjLcMNYQUia,5
AMsySZa9wOIKgkKDCfLn_u_peyrk,1
AMsySZaA-ACO9w7aB1kwUgjomVy7,5
AMsySZaA02-e4Ji5eRGjnTFoGaGu,8
AMsySZaAI7hocXDMTV9FIGj7b5g-,7
AMsySZaAS6ItzbpG-AYBVXlN28ZH,4
AMsySZaAiU48o_owZYdH2jOfTWqZ,7
AMsySZaAtnuqtdBjQ9YLielswkBM,20
AMsySZaBKz4OWqqDX-6aeDT_rg3D,9
AMsySZaBOFDHYJUDQq3OAlfW3tUE,4
AMsySZaBjHMMQGBJ8B7sYXQ9_mNy,6
AMsySZaBsrO8KOGo5YQceXro7vhE,13
AMsySZaCJEwrg-k8-0LFiBGUl0NT,4
AMsySZaCK1EQgYhJMIC0OW7XeVpE,3
AMsySZaCK7wRtTLz2DNhaZQBQ1Uf,1
AMsySZaCQvjRs2nKUp5VAio-ilD5,18
AMsySZaCWX9VhF-2szaIpqm169Ni,2
AMsySZaCaTl4Gc4xx3C1RBzC9fiH,5
AMsySZaD8K9CrqGw8HFB_7P1moBH,7
AMsySZaDVj2EY2TiYVeZNinSel49,6
AMsySZaDW3ZKTn6dacWGwhVCg7wW,7
AMsySZaDxAhd-aiHcD2aRo4Qa8Ra,10
AMsySZaE7ACcznBDrY2ggy1xZS9L,17
AMsySZaECfJEjWHoI_e1wFdOo5Ct,4
AMsySZaEG64soQfPIbLPVcyLTJWB,4
AMsySZaEvRObR-pTRAtDOc5Hdonr,9
AMsySZaEvhbYGJRFezj9RTjDld-n,4
AMsySZaF0vDs3VRuNkU7I4M1Lnf6,1
AMsySZaF6U8qTWgAPgjRRxCwP_R0,13
AMsySZaFBPmDlrYqS-1FUgxUkpEC,10
AMsySZaFXsoomxXk4mYdN0rl-fEW,9
AMsySZaFYBmvb68GeN-pHReSaKOh,2
AMsySZaFnPKnRb4SWcE9NcI4mM2E,6
AMsySZaGFCO-g1HfNO7OtuLAymWa,8
AMsySZaGG1Gy-U1wQacMMtj2y42b,1
AMsySZaGLYJlUpJRG6tKoOEcT-9g,1
AMsySZaGRaJiwMdH-fuuHpk_DdlT,16
AMsySZaGaMpgzfazhO85KYbeF9OI,7
AMsySZaGhPoJooAI_f_37UemYGNZ,5
AMsySZaGlHMvICDjxEmEa9UddX9e,4
AMsySZaHGUK7b2TX8I46EzQACQcM,11
AMsySZaI-GptVcLix1o1M2kllfad,3
AMsySZaI6Esglbp6HURJeJ0Jgzzd,14
AMsySZaIJRBGNs3a6v_LzpG-swrG,3
AMsySZaIKDguoO-ldQ1-TjKzY0L8,4
AMsySZaIrhAdpJUWNeAPnXJoRk9q,24
AMsySZaJLXZqteN34Ldr5bbj7jXl,7
AMsySZaJNNfZdQnVxFVi6PCRD-oE,6
AMsySZaJQOIBxilO2AGNtVtDT4oo,15
AMsySZaJjeYUIPBOpFTk0ByVWWuS,1
AMsySZaKFwchOHSlrBJtaB7k8elZ,7
AMsySZaKJdaHkRElPAt3K_bIStwe,3
AMsySZaKp1nPP1aYc5sbU7AlncMi,1
AMsySZaKzAG5BHs-O6fRDW88YHms,21
AMsySZaLH4-8scof9DyxvWLsubwj,11
AMsySZaLPlpyGsuSGnv96y0NC-a3,52
AMsySZaLa7TT5-0ff2djVLYx9MW-,15
AMsySZaMDdBOhXSjJAZeg24lfzmt,13
AMsySZaNKD5C9Nv5tBjIhgBapBRI,9
AMsySZaNM1-SCKOwiLeuc_Byxabk,11
AMsySZaNUrDL4wZN2pDSXzpErW9R,1
AMsySZaNjBnNmiiUw29V5UxykMBA,3
AMsySZaNtCQBkNcUZWpJAJPyXlun,7
AMsySZaObc-spCNuzlPMu3NynlB_,1
AMsySZaOpTIpoWOiumA-EU8EV129,5
AMsySZaPhAp7VoJ0eDEeVa3uevrn,1
AMsySZaPyQX1MRZuFcbpFyjrNCrV,3
AMsySZaQFP-WStm8b57jJ8a7pAJQ,6
AMsySZaQSKGJue5R7vCVECmnkeK5,9
AMsySZaQaVzmwU16rPvEtXXKhV2o,17
AMsySZaQsoV-dUD06rqrGefRsbli,14
AMsySZaQynEeoEX4qyw5U7ipAdyw,7
AMsySZaR1oID6vidWiFWeLoyDJWx,1
AMsySZaR1uFRPkP_GvZNNEA8tntB,1
AMsySZaRGrIV8KYbTNzcL_jZKTuD,1
AMsySZaRIscEO1kx9X-hYVQWMp42,3
AMsySZaRNJm8jxgud_YWouAN1Rtf,13
AMsySZaRaGUdYc5egWMTShx0dlmx,1
AMsySZaRabfvRINTLrDsadCqtcFe,5
AMsySZaRyEWt3puzpm5fOdiPO4z5,1
AMsySZaSCROiiEW4TXg6h4_nVL4P,6
AMsySZaSGnioDenmq9rHgYhIrWIo,14
AMsySZaSJiN6C3NQH57fT4UvV1Aj,7
AMsySZaSTfcvsqdBRmo6oak4zkaZ,18
AMsySZaSr_KNiEx6ur71Zri_Gx8p,7
AMsySZaT3N9gxH--mpOcZ_LyotA3,5
AMsySZaT5YQgu4rR-pho97Eml64o,6
AMsySZaTflCJugkZ3fBCX59E02KA,4
AMsySZaThwKEsNE2MEgKd1wRUYo8,1
AMsySZaTrO_rEJi5ImRNk8jYc_Fy,2
AMsySZaTwsLODaZmNfLRHMO6JFUw,3
AMsySZaTxdQa-bZ50MttEAkUn2tw,12
AMsySZaU9d_BZBAziWVyKgplpSRn,1
AMsySZaUoxPMwo20MO5o56APkjKr,8
AMsySZaVQAJrPBuildgly5mn-ETE,5
AMsySZaVlgLrwYedU3wP6rIR7wQp,1
AMsySZaW857pahsHk7IXqDETJ8Dc,1
AMsySZaWT3XTKX56fP_bl1r1CjJ6,7
AMsySZaWaCCqHHHYTB_NT46LdUJz,4
AMsySZaWstH9LETJsIUBbqmdkvUZ,9
AMsySZaX5WI9EznTcjqhg_KbFkqw,1
AMsySZaXDxcZX9tTE3SUoJlotnD3,1
AMsySZaXK1P1N2LEr2F9qYNUP6If,8
AMsySZaXfhiBeyfYgKrkrECa7auI,7
AMsySZaXhYYu01K64NFX7jaX5Am8,17
AMsySZaXiObCZa16l7_kuFcs6Wqz,2
AMsySZaY0jCpRqJxXt4ibJSRBezj,2
AMsySZaYKt5nXLLfNPkHqHA6i_Oy,4
AMsySZaYQtlShDD_1PME3fIP8wnh,2
AMsySZaYlkZ8ciStV_a2K2WgBWEg,13
AMsySZaZ0Fsi-2sckOI48epYEG_M,12
AMsySZaZ5xwHqFQhc1SDG9mdmJD-,2
AMsySZaZGY15mgaNm2Fb216jmv4h,2
AMsySZa_CakI_kBtCYH9BK4NB7rR,9
AMsySZa_JGhrsSCjlBYqCE-n-0nC,11
AMsySZa_UAQtUtc4ws7l0Et6gWSz,17
AMsySZa_roH0dq6aeC7_FGA0x5an,3
AMsySZa_uzAdJ6YR26Rco3l5n0uo,14
AMsySZaa-wSorYH3EHT0cAfXWvbl,12
AMsySZaa7ebzil_bVTQQwMCCue7l,10
AMsySZaaDnUd7Fyhp91heMqzikcs,2
AMsySZaaJ108kiexLkJKw69mSPoy,7
AMsySZaaKypq7E4W8G0fecvMP_pG,5
AMsySZaato7He53xzliZEVR4sYiF,14
AMsySZab464dIEb4WPicJZwuCOn-,4
AMsySZabE7GvIRG-YZqGA8VjyJJp,9
AMsySZabNVL7-LbEdJfRcPbeE-bh,17
AMsySZabOcWiFOowDywMl1O5gCWS,8
AMsySZabYXnCpCyvGAleHaS9FXfk,3
AMsySZabZSdK2zxJ25FB7Kvmd1Z_,11
AMsySZacGXI_zdySlLtM1ZKOKoCy,5
AMsySZacP1o-gQDqEZXQlU6ohtO8,20
AMsySZacc7zO-78ZXe7Gw-6onYhW,5
AMsySZacjwDhPHv1853tR6aPxA_Y,14
AMsySZactqFbPkaG_YBTH7wMXC2Y,1
AMsySZad7Kw71q3vjHwEa9iuTjNQ,16
AMsySZadDdM2cBlAqyRBhu50tNZZ,6
AMsySZadYl5UYeabuG70yrJLwKpR,14
AMsySZadgcpE4dI21vt2j5hOcr0l,3
AMsySZadifAR2bY2orurxSRhWEmq,8
AMsySZadpQvBWJksDDSEvxFqrQHJ,8
AMsySZady5WaWQed5fEFDFPQv2yH,2
AMsySZaeaEzOEdl29VN5bx-n6mb4,1
AMsySZaewf5atFKw4HNJp16RE6h8,15
AMsySZafJcgcEy-tBSeoSEhpmVC2,27
AMsySZafgc3B3gQi6r-MY793xtbP,16
AMsySZag62eyiOnlxjowrWAhXOuv,14
AMsySZag8Ze0618z23nW4gT1WMJh,4
AMsySZagEAU0MtFXknvCkoYEUoUC,1
AMsySZagg68tribTkRqDLLpwAiJe,7
AMsySZagk-gImwoPwsJ4X0zkzdtD,20
AMsySZagoIGxwOmDtrWRNmtvS7-x,3
AMsySZagzF68Qbbnad9Se4o5x_Iy,11
AMsySZah-z57qudNq8tgg2vUQskM,6
AMsySZahNTxxsWx7tR4kP0B7rDJB,8
AMsySZai-LDRQ059q4AWOmpZwdTB,11
AMsySZai4bZvNfMUnCXLLEitze_t,10
AMsySZai56krm14PN73qoHKHDrPm,1
AMsySZai6S5DcvEUwus43Pnr-o29,6
AMsySZai7jMJPSoWvVGpU7PUsAFR,3
AMsySZaiBnayASjn_AmBMtQ_mXVo,9
AMsySZaiIvkQEgRZlmWHzeA36xUU,17
AMsySZaiMjEPPnvg6Lzbk0guLeaV,3
AMsySZaiTo2F1oc0C5B-d-HdKP-A,5
AMsySZaj9wpgfl_8_WjjUuKRgcMv,2
AMsySZaj_X4T2Sz6lEt1CYYpx8cw,2
AMsySZajw_UD0qI9HbD1Yeh8ciWT,13
AMsySZajyACvsHcrK1RIzXqCQARI,5
AMsySZakCfc-wa6bgu-yGIYNYSMS,13
AMsySZakb1DX2ANs6h3CKaqxauZl,7
AMsySZakr4nSVM2dXnQBK_PKo_Yr,1
AMsySZakuJ1M3Qljj5goauiAX9Bx,4
AMsySZakvpn4ze9a_w4APlPPcHTl,2
AMsySZalDEbNvsaHeesiH2dYVm9l,7
AMsySZamAE_HPyE4qYbgCkWt4suC,17
AMsySZamDXLUGjTI_cph2c_B_1Dz,1
AMsySZamK1Rt6O3pkTOVh3jFdpom,20
AMsySZan0fkfPi8j6dKVUUkevqNE,2
AMsySZan5OKDihPEv-jp1chdauam,4
AMsySZanA0H5FswP_quB97GMyNy9,17
AMsySZanK4K-mrmqHAOqNgMYmz9q,2
AMsySZanUQml56njCa41HUYpORly,9
AMsySZanlVUNe4eWi41gwLYfO0Nn,20
AMsySZao5qfg4dwnQXJ1WRkxurAx,17
AMsySZaoBxqzrBc5dMhOmCQQ07EH,11
AMsySZaoSVIgmrMarHLqL6y2QtjH,3
AMsySZaoYU61yLgVIQJwHJLciPL4,1
AMsySZaocrHYovDerCy1uFpkLzTN,4
AMsySZaoqSR-pnWlbz39B5dledtd,3
AMsySZaor2ASU0RVcow0dCPbntJu,4
AMsySZaozKGVNtjSeoopUfnVIKB9,13
AMsySZapBukzHcQcdL_aQ4wvf2ib,2
AMsySZapLep9ByBHaD_Wno4ffQXk,2
AMsySZapVvqj-L3KzQNE4BDW8W8k,17
AMsySZapa0DmK4E4YN2lkJMHz0Gm,1
AMsySZapcuDLTugcf8IqFFKDp5Ag,1
AMsySZaq8nLRHDZJ6YUKMP2n6n2D,8
AMsySZaqPaJ-MorO9DbHhR9ZoEpQ,4
AMsySZaqRda3u9HoKUTQEmjnHnJz,19
AMsySZaqg-dzFyP2qWZQCMlPl-YY,6
AMsySZar7mT6vjs55QWP0l3z0Eul,2
AMsySZar9XmhtqKoLO6J_0yuYh-U,2
AMsySZarXNszc10AA6xaTQn0ZEgT,19
AMsySZasTxHjm9oCppEWiw90MZhg,2
AMsySZasVAEaFTZzzEhqnFv9UvIM,3
AMsySZass4vP-f4Tp7Fkt5wLiozX,7
AMsySZatIygOIsKlmqmBsEzuVvWn,14
AMsySZatW41Jyxa-uoVgWlGP6idr,5
AMsySZatq6FqAthoVr_IWp7HLTw3,2
AMsySZau5Eppu05gjYm2AG7Ce5QB,5
AMsySZauYU7s7IghRgS17sMiy1rK,12
AMsySZauf2f4Ctj34MXURs-cpKg3,1
AMsySZauhV1XHmVG1B-GgTU-8hbC,6
AMsySZauk39Htr8vZ7Df35P-JW6i,1
AMsySZauo9Uz1Aht9dHxNcDLoyIS,7
AMsySZauwZhWCacdCd9z_-diadyX,1
AMsySZavNgmnxUULOM7DIYIp0QfE,7
AMsySZaveNCdsat5t0O-ELDqxVuA,1
AMsySZavesitclA0kR-Sw4eVKrDQ,7
AMsySZavli59ImEuleMtInRlVxyP,7
AMsySZaw2ygTiqdVDjeXMV63Gb5m,1
AMsySZaw9Qb-oKe2FESXsNU0Wm9w,15
AMsySZawHajLFqToOHixf72y1i0Y,1
AMsySZawifS8BycdyiUQW_yOkqbJ,5
AMsySZawn0zzyyNPfNmisjCZryUC,14
AMsySZax9gzd5MLnVcfMnQro7EK7,13
AMsySZaxM-IhyXNgNJPBLMwIm4Z6,12
AMsySZaxyTa7uoOYbdznfK9BD_hP,2
AMsySZay2IH5c1n-HTp_yuqkuFvx,7
AMsySZay3LUW84dcxO4PVc1hCJ5Q,6
AMsySZayin-3edrIdqSaei3gtJ3h,9
AMsySZayodTl0WVgn2liMrVm9jkY,7
AMsySZayzmBZVQZuTRfP6I_8LIPG,5
AMsySZaz2LCIJWr6ZpE5tQjtSSZU,13
AMsySZazcBnDzQNpGgJ08_lMQHDp,14
AMsySZazf02YS6MOsJ8xNFiM2SFd,7
AMsySZazzb6lZcHLRu3Igz9jJcI3,2
AMsySZb-EhEc7DrP-zzUvWMuIho6,18
AMsySZb-FySvRMvNY0NkzFmbfDmd,4
AMsySZb-U4Fp3KN88Tqy5XAjPOAS,1
AMsySZb-e-dSxZL9oBaInytv6R1V,7
AMsySZb-itIhAKv6zQSQxSfQeH4d,20
AMsySZb-ljyiCYsvam0htz5ZtKXg,4
AMsySZb0EqnFWCKyWL1Uc3B5M9vH,8
AMsySZb0GWWJqHfG8RWFLKopVDkJ,14
AMsySZb0SZmEVXE_cTESaBctXnSe,6
AMsySZb0zD5manEO9bF4ezURyJeu,7
AMsySZb13YAjo6WOxTsTLSmTvHjy,10
AMsySZb1BWvcX0xV_qzzYHtDs1fi,1
AMsySZb1Cps6bC1vSFboUkSOUhku,2
AMsySZb1UUmkIwM0c1AEuzv3H8gF,11
AMsySZb1XmD_KCZ2pT7HE3gUlplw,9
AMsySZb1d36bwnwt021_jzlzHaY_,4
AMsySZb1e1L9O0YgU4x24CQ-r5wC,1
AMsySZb1eJMaFwSmqWU88slmsFAY,4
AMsySZb21_yhZeg7_vkGa7sxJJBr,4
AMsySZb29JClQpu_bvUNLBQy410H,6
AMsySZb2DOqDOdydryiOmWGegIJn,10
AMsySZb2kUsCliU3s9rFkFKxWJjr,1
AMsySZb2zd5XcD1ylB3kQkKrOWqj,9
AMsySZb36db1eXi9HEamglLgOJ58,10
AMsySZb39fh0qb8I5-Fpjd6po8up,5
AMsySZb3OVnjz-HUGvBMOjo4CeWb,5
AMsySZb3RV93k-iWDV1_CRUrOF9r,1
AMsySZb3kT-nA1NxC7U7Qv5cqxa4,10
AMsySZb4G6Z9vokSPx_g600G9taB,2
AMsySZb4NW2AgkoTC2oFNdWSwudk,2
AMsySZb4SiU0f8oH7WTXFrsp_PWI,11
AMsySZb4jnngMeoHcxdBnL9p-CpM,8
AMsySZb4odL7TIFg7nUYhUFCLgkk,6
AMsySZb5CPmsa6o3OKHkGnR4wRJa,8
AMsySZb5EpRoZlh8EGWrf7CTZ1Dj,2
AMsySZb5GiAWuM2S6ZIR6JauHrWO,2
AMsySZb5cYVBX33zLG9S79RuzmPx,1
AMsySZb5hhyuLDywFAF5yMwYB85Q,4
AMsySZb5lFByDK2DNeZIfrB1u3-W,9
AMsySZb5vVBcZBxI_xHQhyqTS5QB,6
AMsySZb6_QGWstGiCH7mrNG4hkEq,6
AMsySZb6itvrjwSodY9-CVKKbctz,8
AMsySZb6kaJfdSzVn4Gam6wFySJ9,5
AMsySZb6pETc5v13z0t5pvhxcQzX,4
AMsySZb7EvcCE-RNysR0cwY9_4ie,7
AMsySZb7NBQ-ONSI7QwZUYfP-YR-,5
AMsySZb7NOJeHXIjJuAnaKQ7wn28,2
AMsySZb7_5w6VkqOvkzWdBXbfWb1,8
AMsySZb7rs7zaib1mluja8r82Bxa,4
AMsySZb8-J98_CJKTl5zfUmoNolI,13
AMsySZb84nvKr85w1LMndksoHh01,5
AMsySZb8HZeym5Al3Aqzwr_lNYWw,12
AMsySZb8lIq1HzCV8ssgh6xgWVqr,3
AMsySZb8lz49T68mMomi-cFWs6h0,2
AMsySZb8mIHODwGEhvNpn1dgoJNd,2
AMsySZb8maOknYaRSNeVVjdifM0N,1
AMsySZb8zR1KThj-4jDP9SWzYjCO,2
AMsySZb9Wc5Cvm4lTMWuhHyz7Q3-,1
AMsySZb9XPuVN0ctnJrsl6Ehqu8x,3
AMsySZb9c4BcvGTQGa_UKCNlKz8l,8
AMsySZb9jA43dHOAZ0RR07APUh0y,12
AMsySZb9jCp2mOf1Ti9s1TXqsKXO,7
AMsySZbA9VP17BFR59LARXnEbcap,11
AMsySZbAAPMJyG7H0U81-zdja_je,3
AMsySZbAWCYz0SkD-EPDj-R5lInh,19
AMsySZbAa1dzRZd93l1B6O26yCTv,11
AMsySZbB5ZnQXcIRqWVB7OtEd804,9
AMsySZbBFN4-qPxzCL27EwWLB16f,10
AMsySZbBQvwPeZS2ioThuqBY2YTx,20
AMsySZbBr-xU1xw_h9QeJueZSdHS,7
AMsySZbC4QFmcYnLuDS4sV2I8x2d,4
AMsySZbCECdoVfcgLyFOdHohS58v,14
AMsySZbCEtid2NkOEY8z1yM2RUCl,4
AMsySZbCG6udR_DkEVq-iXC8kdbn,19
AMsySZbD6edaoAg8bb_CbCFIxV4P,5
AMsySZbDBcHJ9u6o-E_44ikjo8Oe,5
AMsySZbDM-0gEPO6NI-oNeJrLkyn,4
AMsySZbDdHSfnbcWYWWgVMIVcNvh,7
AMsySZbDexgUvk9YUkgNBeUxyzbY,2
AMsySZbDiq6FFOknqrKy1Q89f3Ko,8
AMsySZbDjD1OntKjxQlqnL1y3Tj2,1
AMsySZbE0DtL_4Mbn8d_LdbpkZ0l,6
AMsySZbEBHJ-t6UmUGhGRJiV_MCM,10
AMsySZbEWNN9q6S6TrAqIWFBDumT,4
AMsySZbEeqTbFpMUULI3SSccLmRS,21
AMsySZbEki4Y4ukVURChrbBKk87t,25
AMsySZbEpA2N3YX0evg3tsfy8Qxz,7
AMsySZbEqJFfc3T3TP7mrNifufpp,5
AMsySZbEsqEWsU0swKG8usxHiSpK,18
AMsySZbFNm7cBmftrLGR_LNOkFPe,14
AMsySZbFSDn2IJV1SuNRLkIsv0IS,13
AMsySZbFWU89z8f8aNEXKrTFnArV,4
AMsySZbFbwNyJ069KObcGtUCtxo2,9
AMsySZbFcD1gh_2tycU5H_BI4oWy,22
AMsySZbFeYaYrredqaFl4xQj3NHY,3
AMsySZbFg035A__3mulEjn84e3H_,11
AMsySZbFhpU5ZcHYyQt-d3yePmcC,14
AMsySZbFlEnDE_2L1MAr2GAQEuSu,14
AMsySZbFvl4F1i_unLxYhpMB_C8v,15
AMsySZbG39O5-xlyvBVDRQb8DZV3,7
AMsySZbG5QaFuLwK9Py5-6meMS0A,14
AMsySZbGSCElo635elEIXlMx6fWk,4
AMsySZbGU9QlCPJeUdFTVA1acw0y,1
AMsySZbGWFgk3y8tozwiA5VfawGf,1
AMsySZbGbIjz7_eAZBit9xDQL77i,24
AMsySZbHOBGRaLHrZUCGj9ALsGHw,6
AMsySZbHYryCktKn0sI86jM5InXu,7
AMsySZbHZyCtEL3S6MVc6CwwejMe,14
AMsySZbHjrG17iNfIMKQ2AiedN2r,2
AMsySZbHvgCTRRtEEZjTWOhjHdXL,6
AMsySZbHxjSL-sV7NX_XMcZYQpHh,14
AMsySZbITD1qY1gAcANp-8IwWtKU,6
AMsySZbIZO5H7QMqoGHu0vc6jDCt,9
AMsySZbIe2fh3PgT4YE4Ykd-FkmL,9
AMsySZbIg2C4ajha8xxY2NhomTtM,2
AMsySZbInL0jUYvHY5FcbSx67wn3,2
AMsySZbIo3Au6jLmYCyH4bBhq2su,3
AMsySZbJ96eHPwJK_eSYDcB83X7b,2
AMsySZbJE4UWOUrCaxonBTkNj8Pe,13
AMsySZbJe_bf72cB8vcVctdQm4rg,3
AMsySZbJwU5G6paKnFscZsDAgJg-,3
AMsySZbKCr3s2lluJlDTeu0DDZhh,12
AMsySZbKKE_2enBlBthR4Cb6HMOf,5
AMsySZbKoFSaUV-nDsqZHGJx3-gK,13
AMsySZbKxsGfIBL1MgS8nJe0PQm1,9
AMsySZbKyMy7KRZ1IPCB03weJHZS,5
AMsySZbL-0TyADnz_R9uNEW_VuoY,4
AMsySZbLVgGSbq23zlxiPUDxRu7D,7
AMsySZbLcjgusMxUBLzK6AQFrc6d,10
AMsySZbMQ89vQpk4d30U3tO0Qn0L,4
AMsySZbMqQobITUVaYTLGhSOSMDO,2
AMsySZbMxn5y98qZPcbVFFeGH1R5,12
AMsySZbNNUuRYcAfBEfpOvDvrsmM,3
AMsySZbNw0dt7tEfw2niuqQ0Ks_5,8
AMsySZbNywGujv3k6Wq8gjKKjEBx,7
AMsySZbNzyTxMAYjRImVvCtFKybB,2
AMsySZbNzzAkRnxoC5VpIMzSol53,10
AMsySZbOBGFdvVKBv6vvSzMvyyaS,1
AMsySZbODdhCcIWXXcHJSq49fHeE,6
AMsySZbOMjuhX27-HnzPxeUabvSw,22
AMsySZbOfAFMQ_YpuZp2YPqBDNBx,1
AMsySZbPBNxiY5ZA2Ofl7AeV-5Qv,2
AMsySZbPNpzxwV6WSm3hj99FJ-Cv,10
AMsySZbQCybicexVKHGi-gD5e0zH,2
AMsySZbQrpSJN78ehtT7fVWxZeP2,10
AMsySZbQzyvEVYkyVdcJM22tzMCS,3
AMsySZbR9ftCVd6o91RYXs3v_Fnw,21
AMsySZbRKraNzSWuXQUv8pbCo4_s,11
AMsySZbRLmH_UFAmkKxIeQ9TL6a1,3
AMsySZbRsBUenYhJkf_dKR7KKfxb,1
AMsySZbS81c9WCH33d2Y9f_3YR_Z,4
AMsySZbS8GlR2hq_XYj1EAKfMRNj,9
AMsySZbSQM_t7MDRwfo6ORyGvzx-,11
AMsySZbSlyhhIIrubcMfGhpWF2oe,6
AMsySZbTLvpb42PsK3N-F_Hfi2Ia,4
AMsySZbTSujitsb41A6C5X_3uPeG,3
AMsySZbTZ_ksP2XE3PIk25Jp6CE2,3
AMsySZbTntTT8tnTI2kAPxqJPGi9,1
AMsySZbTysVJ8_mHO0zLiniYMJl-,2
AMsySZbUCWlL7kQxnRgezizVVLWG,13
AMsySZbUVsn_0d3hpBcy7g2y8YIO,6
AMsySZbUXeGoXgY1zI5pF3NAyJar,13
AMsySZbUbAOWIlZyCaYZqSchlhOf,3
AMsySZbUwCOL8A33yH-XV4popDpI,6
AMsySZbVqo7Hw1mcmACvupEynnbc,15
AMsySZbVv1Ytva6kpUXvmdW_bpXx,3
AMsySZbWLt16IR6A0VI5r9AXFjaA,3
AMsySZbW_OwCr3Kti3W2kspYKznt,10
AMsySZbWbOWP4QLVeEOtJcrR1Po5,8
AMsySZbWqHLj62tzrf7NhbtD7wFY,10
AMsySZbXI220zwkyAGCH8GRBDmVf,2
AMsySZbXKOYgxjpAcDepG5HKYrb_,1
AMsySZbXKV_42PYJS2aZ0JuBx0XP,2
AMsySZbXKw8Dc3Y-QkrH8CIqmD9P,14
AMsySZbX__UfFM4Mt1m9sOvkNqnS,8
AMsySZbXkklskyAvOaopQyQGw5kk,13
AMsySZbY0TIT0DUWWALby51Z-x7P,2
AMsySZbYvpHNqVfNgFFX8yysONId,12
AMsySZbZ01J_1mGGurA2MKrqzKJa,1
AMsySZbZ2ErnbrUP6lPyHX4WvFao,4
AMsySZbZ8AG1xLvAXPMsDWWDof65,4
AMsySZb_IY1o2qBLm-MQLw-7xCux,11
AMsySZb_VhE-5_VSUBwZms2rIVpq,13
AMsySZb_Xffl5QDRuY-CFILKfJS2,2
AMsySZb_ap_F38BqAPhqcocqAHy6,3
AMsySZba851SdbvXUzKCSAS6LXLN,10
AMsySZbaAUUa6XxRD6QOoAYkjKgO,4
AMsySZbaO_7-iVKVMAxwzyjW9CXS,4
AMsySZbadVVdxM70sXtu1xr9tLec,15
AMsySZbayulX1cASr9sQAt8upVtL,3
AMsySZbb5wHdSnnFfSe5b2sabL4D,6
AMsySZbbku7CJ4F_3H_W83CZ-aLo,8
AMsySZbcmZk21NWB4UITiQKy2iZN,7
AMsySZbcw_Y6QepcN9JPEWjNbvl1,13
AMsySZbdLpW_wvketXPiWwDSt2gW,3
AMsySZbdXedaLGJX4UDHO2YpaS1h,6
AMsySZbdY9eAAsZKtG8mSAwdQU4k,12
AMsySZbg7dEt1aJzmR95X_ndQoZh,6
AMsySZbgai93tT-NFdwNbNTNblqB,1
AMsySZbgmkzhkrVCVRsKI6T58_rP,13
AMsySZbgonFhIYnymOl9HSHChYjD,1
AMsySZbgvnwTMC5yDPTKVsoUf_CC,2
AMsySZbhLzJ-hbRcVugMd8ITwPO8,15
AMsySZbiSIKatJHX_vs9uJElzF5e,3
AMsySZbiSzJnYlaHXBn2YZ67VKLp,2
AMsySZbiqWGVE-MnW0Q_tzyvUJYl,17
AMsySZbisoc2WolJAFuB8mtHDrlD,9
AMsySZbkSUq8AS-hMyyLwggwrwfS,9
AMsySZbk_Oy3MSeZJcfniqqucgcW,19
AMsySZbkf-0tpALFQLMvsCg512Cf,5
AMsySZblJCHf9OEkhRb5IJHlsKjF,14
AMsySZbljs1RgY0rgIWcZ_FNvSO9,7
AMsySZblxMSmPT1srxMUn6ByvP9x,14
AMsySZblyZmw_Gg3abXkHnpvm3J9,1
AMsySZbm39AxmGcfKmBeAmNie6uU,5
AMsySZbm4LVLWbjmF0MU5YEx3tig,5
AMsySZbm5SEyUzf06FjjB8S_sD8N,5
AMsySZbmLNks3CiR7ciTVxZ8lhkw,19
AMsySZbmQN2LNXfKC7POvg6pdOz_,1
AMsySZbmZ5oIprNYcZ3mBxm4pBL7,1
AMsySZbmgB4O3RTrJHa3lfP2fTvy,1
AMsySZbmttEOHIvrspU8VoFITxQ9,14
AMsySZbn1nLcXHoqAgi4IgPREPiO,8
AMsySZbn4XxFXTxY6BSZe6mNyVnI,5
AMsySZbnTk7ZPPzC-lc8-RqmG9aE,4
AMsySZbn_ec6i0h4wgzpUvycQVls,2
AMsySZbngEA4pTRAwl0Cp_Q4GG5n,3
AMsySZbnxFyhLnOAZccfXNlsnWQk,5
AMsySZbnz9AyQD6cOKPtRbYu_sIJ,5
AMsySZboCGM1A8xsH5n3qcw68K9L,18
AMsySZboEnC8BzdAYPD0JShvT-QU,7
AMsySZboFBs0Xq8zTkAAqfY_2MPG,5
AMsySZboLHSWigWztLj5uge7so-i,2
AMsySZbovHD4LIi9-7NsP8W9docB,1
AMsySZbp_9eEGPzRGvFacTSqLjF0,3
AMsySZbptI6lEsKu6w1RJmYJZ1Th,4
AMsySZbq0tnnec6-8i10R26UpHf_,1
AMsySZbq1XSQngRUi8f57vpQqCnr,3
AMsySZbqD1iK8Cy2PJI3N2ktphrL,3
AMsySZbqDHeQ2ilz5OSKwetgutP7,20
AMsySZbqHM0U1ylVXpfp4v265qi5,14
AMsySZbqKPwrgdGhKatGf6UnsVG-,8
AMsySZbqN7xrXyROWWqqNjBdUT8X,2
AMsySZbqNJ8ePWdXHA5RiBLgTRtk,9
AMsySZbqR28x-Fnw_K6m5FQhPQ32,2
AMsySZbqXekobL75n8VwEs1W4Juc,3
AMsySZbqYfqKOvW3vBDVmSwbwk2B,2
AMsySZbq_Aimi5Vu5bFv2gQnKy8K,6
AMsySZbr45oW9Yt3HCqaDajVwUwz,9
AMsySZbrJK3XvAGYflCLrws6496P,81
AMsySZbrMSNnFO3b6U5QSET6juwV,17
AMsySZbs9swWi9ADoh_GOD1JPBrr,5
AMsySZbsQsZTrEkcmWLUX689NKrj,2
AMsySZbsVDhUxsswoz85FHsPMt6L,16
AMsySZbt-8AKHAbINvWDpOlqT-Zk,3
AMsySZbtEQv-5AvKr6cLdUACjqFY,7
AMsySZbtHCI7a6x0jVPgu4Bw5866,8
AMsySZbtzV9282-LLlyhaW95v0CL,2
AMsySZbu6vtjoW9qoj7CDIyHHJJx,2
AMsySZbu79ZPkseIBQPE_lAV7AoV,4
AMsySZbuGlfVxRxtvmA0ITN9pe8A,4
AMsySZbui8SIjM_QumL8dP56114y,35
AMsySZbv7aq4o7RocRxxgJBDB7Ks,16
AMsySZbvBpBOm1qLT8efzO8e164v,4
AMsySZbvFKSve4vTBWohnWCXZUdE,17
AMsySZbvR35aVEELIXA8E3kNLmGE,11
AMsySZbvW6mZgekNZCmnA1yNTwWm,6
AMsySZbvhaiHOFKXLtyQbNKS5UxB,17
AMsySZbvhzG6_hbguxSstBPhGM2H,12
AMsySZbvyQ9cWDKHYhxqu8rPwMOy,15
AMsySZbwDNE7u15ZDseAsR4INHO1,10
AMsySZbwvvf9bKmkZOS8YUdYLFTU,14
AMsySZbx9Xy5z-nkWwnQ7MA5k5ai,9
AMsySZbxIiK3mbsVFcvMPglrcbhP,7
AMsySZbxOf7e2fSpMDCNquJ17-7S,9
AMsySZbxXiC53Rc5Ww1WyQrEJ3CC,17
AMsySZbxY3UmFGl7mpbPe7vDDqoq,2
AMsySZbxaE3XroEKRgG-DSEi0KBY,1
AMsySZbxbnFTmzOpJJeayKXoWb-R,8
AMsySZbxoaPKNX787wAZW6vfVZuf,10
AMsySZby5I3FKNzB2JzvonpIdU2j,2
AMsySZbyBSlKOhGgmGvvLO-6d6HK,12
AMsySZbzCtx8AtpMssj7F2qNh_kI,1
AMsySZbzeWX0uYEmz3atW7eM-291,12
AMsySZbznmHzaj9SQD8-GqbmauaO,3
AMsySZbzw0N87ZEkL6J2hZw15qWE,8
